{
 "v1": {
  "init": {
   "start": 1473493271.957637, 
   "finished": 1473493272.53344, 
   "errors": [], 
   "end": null
  }, 
  "datasource": "DataSourceEc2", 
  "modules-config": {
   "start": 1473493273.410343, 
   "finished": 1473493273.592727, 
   "errors": [], 
   "end": null
  }, 
  "modules-final": {
   "start": 1473493275.765634, 
   "finished": 1473493275.845401, 
   "errors": [], 
   "end": null
  }, 
  "init-local": {
   "start": 1473493270.02436, 
   "finished": 1473493270.270914, 
   "errors": [], 
   "end": null
  }, 
  "stage": null
 }
}
